{
    "0-500": 6.021454290472191,
    "500-1000": 3.432603415452813,
    "1000-1500": 5.607057713578406,
    "1500-2000": 3.88155968528909,
    "2000+": 1.2856930796894819
}