{
    "0-500": 3.0232136912268444,
    "500-1000": 3.6411167517319836,
    "1000-1500": 3.549298644093969,
    "1500-2000": 3.4333659513349577,
    "2000+": 2.873628019868147
}